from,to,time
b,caz,2013
b,h,2014
b,caz,2014
b,rap,2015
b,h,2015
b,luc,2015
b,caz,2015
b,bmc,2016
b,raf,2016
b,t,2017
b,yh,2017
b,kal,2017
b,pp,2017
b,kok,2017
b,my,2017
b,z,2017
b,yh,2018
b,sc,2018
b,kok,2018
b,r,2018
b,cbr,2018
b,raf,2018
b,mos,2012
ol,v,2012
ol,at,2012
ol,cel,2012
ol,ab,2012
ol,as,2012
ol,se,2012
ol,al,2012
ol,azr,2012
ol,han,2014
ol,ab,2014
ol,v,2014
ol,ef,2014
ol,cel,2014
ol,bk,2014
ol,gz,2014
ol,f,2014
ol,cel,2014
ol,ab,2014
ol,ch,2014
ol,ka,2014
ol,cra,2014
ol,s,2015
ol,ya,2015
ol,cel,2015
ol,ab,2015
ol,han,2015
ol,v,2015
ol,aje,2015
ol,ram,2015
ol,aje,2015
ol,ram,2015
ol,aje,2015
ol,aje,2015
ol,man,2015
ol,aje,2015
ol,ram,2015
ol,aje,2015
ol,y,2015
ol,ram,2015
ol,aje,2015
ol,bil,2015
ol,ram,2015
ol,aje,2015
ol,aje,2015
ol,bil,2015
ol,ram,2015
ol,gz,2016
ol,cel,2016
ol,ab,2016
ol,x,2016
ol,h,2016
ol,nim,2016
ol,aje,2018
ol,yo,2018
ol,kar,2018
ol,jey,2018
ol,aje,2018
ol,cbr,2018
ol,nim,2018
ol,az,2018
ol,han,2018
ol,cel,2018
ol,ab,2018
ol,ufo,2018
ol,x,2018
ol,bmc,2018
ol,cbr,2018
ol,ak,2018
ol,yh,2018
ol,cas,2018
ol,nim,2018
ol,cel,2018
ol,ab,2018
ol,han,2018
ol,cal,2018
ol,laf,2018
ol,aje,2018
ol,azz,2018
cel,ol,2012
ab,ol,2012
h,ol,2013
mas,ol,2013
bo,ol,2013
tat,ol,2013
mos,ol,2013
se,ol,2014
pl,ol,2014
kk,ol,2014
tda,ol,2014
sq,ol,2014
ch,ol,2014
ch,ol,2014
cel,ol,2014
ab,ol,2014
gz,ol,2014
bmc,ol,2014
sen,ol,2014
av,ol,2014
be,ol,2014
v,ol,2014
v,ol,2014
tt,ol,2014
cel,ol,2014
ab,ol,2014
gu,ol,2014
sy,ol,2014
h,ol,2014
han,ol,2015
x,ol,2015
cel,ol,2015
ab,ol,2015
mos,ol,2015
s,ol,2015
man,ol,2015
bl,ol,2015
h,ol,2015
ra,ol,2016
tw,ol,2016
cbr,ol,2016
nim,ol,2016
so,ol,2016
pa,ol,2016
nat,ol,2016
mil,ol,2016
han,ol,2016
cra,ol,2016
pl,ol,2017
bsh,ol,2017
ufo,ol,2017
dar,ol,2017
azz,ol,2017
nim,ol,2017
mo,ol,2017
ef,ol,2017
jey,ol,2017
bk,ol,2017
cel,ol,2017
ab,ol,2017
sai,ol,2018
gen,ol,2018
gen,ol,2018
cbr,ol,2018
mas,ol,2018
cbr,alg,2014
cbr,ca,2015
cbr,gz,2016
cbr,gz,2016
cbr,bmc,2016
cbr,bmc,2016
cbr,ufo,2016
cbr,cel,2017
cbr,ab,2017
cbr,ak,2017
cbr,kk,2017
cbr,ufo,2017
cbr,ol,2018
cbr,kk,2018
cbr,sc,2018
cbr,gz,2018
cbr,ufo,2018
cbr,lu,2018
cbr,dar,2018
cbr,mas,2018
cbr,sa,2018
cbr,bu,2018
cbr,bu,2018
cbr,dar,2018
cbr,ol,2018
cbr,kol,2018
cbr,fb,2018
cbr,b,2018
eno,cbr,2018
lu,cbr,2018
bu,cbr,2018
ak,cbr,2018
sa,cbr,2018
ol,cbr,2018
ol,cbr,2018
z,cbr,2018
x,cbr,2018
sam,cbr,2018
sa,cbr,2018
sa,cbr,2018
ufo,cbr,2018
ju,cbr,2018
kk,cbr,2018
kcr,cbr,2018
fb,cbr,2018
ak,cbr,2018
kk,cbr,2018
ct,cbr,2018
kay,cbr,2018
b,cbr,2018
jm,cbr,2018
gz,cbr,2017
s,cbr,2017
ufo,cbr,2017
ol,cbr,2017
kk,cbr,2017
gri,cbr,2017
ak,cbr,2017
raf,cbr,2017
jm,cbr,2017
dar,cbr,2017
sa,cbr,2018
sa,cbr,2018
sa,cbr,2018
ol,cbr,2016
kk,cbr,2016
kay,cbr,2016
mas,cbr,2016
kk,cbr,2016
kk,cbr,2016
kk,cbr,2016
bmc,cbr,2017
haz,cbr,2017
kk,cbr,2017
ak,cbr,2017
kk,cbr,2017
lx,cbr,2017
jm,cbr,2017
kok,cbr,2017
ufo,cbr,2017
b,cap,2013
b,h,2015
b,r,2018
jm,b,2018
nu,b,2018
cbr,b,2018
r,b,2018
r,b,2018
cap,b,2014
la,b,2017
cbr,b,2018